{"n_subsystems": 3, "n_iterations": 100, "lyapunov_values": [0.0717110519255686, 0.12205168911906829, 0.14240441661882022, 0.1493411624046769, 0.1512712327918728, 0.15144134180457286, 0.15101894333348334, 0.15041376554578134, 0.1497677814094725, 0.14912933872314516, 0.14851419252054968, 0.14792679742344877, 0.14736772359815148, 0.14683623716390828, 0.14633119653105667, 0.1458513623263487, 0.14539550316795136, 0.14496243042519244, 0.14455100833669463, 0.14416015563977744, 0.14378884433550373, 0.14343609754515418, 0.14310098713549063, 0.14278263134473015, 0.142480192486048, 0.1421928747515426, 0.1419199221209918, 0.1416606163734251, 0.1414142751975079, 0.14118025039619736, 0.14095792618109168, 0.14074671755203808, 0.14054606875775275, 0.14035545183340775, 0.1401743652113382, 0.14000233240121465, 0.139838900736207, 0.13968364018184046, 0.13953614220440902, 0.13939601869596804, 0.13926290095307756, 0.13913643870660725, 0.13901629920005193, 0.13890216631393015, 0.13879373973396245, 0.13869073416084063, 0.13859287855950753, 0.13849991544597204, 0.1384116002097829, 0.1383277004703786, 0.1382479954656182, 0.13817227547088543, 0.1381003412472364, 0.13803200351713976, 0.1379670824664286, 0.13790540727115408, 0.1378468156480961, 0.13779115342774634, 0.13773827414864365, 0.13768803867198978, 0.1376403148155345, 0.1375949770057661, 0.1375519059474912, 0.13751098830993486, 0.13747211642853518, 0.13743518802164792, 0.13740010592141463, 0.13736677781808698, 0.13733511601713447, 0.1373050372084962, 0.1372764622473692, 0.13724931594595716, 0.13722352687563116, 0.1371990271789815, 0.1371757523912671, 0.1371536412707916, 0.13713263563776024, 0.1371126802211935, 0.13709372251349458, 0.13707571263228852, 0.13705860318916843, 0.13704234916500463, 0.1370269077914874, 0.13701223843859273, 0.13699830250767428, 0.13698506332990065, 0.1369724860697701, 0.13696053763344945, 0.13694918658169633, 0.13693840304713398, 0.136928158655663, 0.1369184264518019, 0.13690918082776057, 0.13690039745605942, 0.13689205322551806, 0.13688412618044402, 0.13687659546286154, 0.1368694412576295, 0.1368626447403025, 0.1368561880275992]}