{
    "metrics": {
        "convergence_rate": 1.2852157541781632e-05,
        "delta_variance": 0.9213266736180002,
        "final_delta": 0.0,
        "average_entropy": 2.1280478401692293,
        "final_entropy": 2.190754394688582,
        "distinct_states": 9,
        "response_time": 20,
        "change_in_equilibrium": 0.0,
        "equilibrium_score": 1.0034636361457563
    },
    "state_history": [
        [
            3.0,
            3.0,
            5.0,
            1.5,
            7.0,
            7.0,
            1.5,
            5.0,
            3.0,
            3.0
        ],
        [
            3.0000000000000004,
            1.0011995633552324,
            4.000599781677616,
            1.000299890838808,
            5.001199563355232,
            8.998800436644768,
            1.999700109161192,
            5.999400218322384,
            4.998800436644768,
            3.0000000000000004
        ],
        [
            2.9999999999999996,
            1.001105637308484,
            4.000552818654242,
            1.000276409327121,
            5.001105637308483,
            8.998894362691516,
            1.999723590672879,
            5.999447181345758,
            4.998894362691516,
            2.9999999999999996
        ],
        [
            2.9999999999999996,
            1.001105628430979,
            4.00055281421549,
            1.0002764071077448,
            5.001105628430979,
            8.99889437156902,
            1.9997235928922554,
            5.99944718578451,
            4.998894371569022,
            2.9999999999999996
        ],
        [
            2.9999999999999996,
            1.0011056284301398,
            4.0005528142150695,
            1.000276407107535,
            5.00110562843014,
            8.998894371569861,
            1.9997235928924648,
            5.99944718578493,
            4.99889437156986,
            2.9999999999999996
        ],
        [
            2.9999999999999996,
            1.0011056284301398,
            4.0005528142150695,
            1.000276407107535,
            5.00110562843014,
            8.998894371569861,
            1.9997235928924648,
            5.99944718578493,
            4.99889437156986,
            2.9999999999999996
        ],
        [
            2.9999999999999996,
            1.0011056284301398,
            4.0005528142150695,
            1.000276407107535,
            5.00110562843014,
            8.998894371569861,
            1.9997235928924648,
            5.99944718578493,
            4.99889437156986,
            2.9999999999999996
        ],
        [
            2.9999999999999996,
            1.0011056284301398,
            4.0005528142150695,
            1.000276407107535,
            5.00110562843014,
            8.998894371569861,
            1.9997235928924648,
            5.99944718578493,
            4.99889437156986,
            2.9999999999999996
        ],
        [
            2.9999999999999996,
            1.0011056284301398,
            4.0005528142150695,
            1.000276407107535,
            5.00110562843014,
            8.998894371569861,
            1.9997235928924648,
            5.99944718578493,
            4.99889437156986,
            2.9999999999999996
        ],
        [
            2.9999999999999996,
            1.0011056284301398,
            4.0005528142150695,
            1.000276407107535,
            5.00110562843014,
            8.998894371569861,
            1.9997235928924648,
            5.99944718578493,
            4.99889437156986,
            2.9999999999999996
        ],
        [
            2.9999999999999996,
            1.0011056284301398,
            4.0005528142150695,
            1.000276407107535,
            5.00110562843014,
            8.998894371569861,
            1.9997235928924648,
            5.99944718578493,
            4.99889437156986,
            2.9999999999999996
        ],
        [
            2.9999999999999996,
            1.0011056284301398,
            4.0005528142150695,
            1.000276407107535,
            5.00110562843014,
            8.998894371569861,
            1.9997235928924648,
            5.99944718578493,
            4.99889437156986,
            2.9999999999999996
        ],
        [
            2.9999999999999996,
            1.0011056284301398,
            4.0005528142150695,
            1.000276407107535,
            5.00110562843014,
            8.998894371569861,
            1.9997235928924648,
            5.99944718578493,
            4.99889437156986,
            2.9999999999999996
        ],
        [
            2.9999999999999996,
            1.0011056284301398,
            4.0005528142150695,
            1.000276407107535,
            5.00110562843014,
            8.998894371569861,
            1.9997235928924648,
            5.99944718578493,
            4.99889437156986,
            2.9999999999999996
        ],
        [
            2.9999999999999996,
            1.0011056284301398,
            4.0005528142150695,
            1.000276407107535,
            5.00110562843014,
            8.998894371569861,
            1.9997235928924648,
            5.99944718578493,
            4.99889437156986,
            2.9999999999999996
        ],
        [
            2.9999999999999996,
            1.0011056284301398,
            4.0005528142150695,
            1.000276407107535,
            5.00110562843014,
            8.998894371569861,
            1.9997235928924648,
            5.99944718578493,
            4.99889437156986,
            2.9999999999999996
        ],
        [
            2.9999999999999996,
            1.0011056284301398,
            4.0005528142150695,
            1.000276407107535,
            5.00110562843014,
            8.998894371569861,
            1.9997235928924648,
            5.99944718578493,
            4.99889437156986,
            2.9999999999999996
        ],
        [
            2.9999999999999996,
            1.0011056284301398,
            4.0005528142150695,
            1.000276407107535,
            5.00110562843014,
            8.998894371569861,
            1.9997235928924648,
            5.99944718578493,
            4.99889437156986,
            2.9999999999999996
        ],
        [
            2.9999999999999996,
            1.0011056284301398,
            4.0005528142150695,
            1.000276407107535,
            5.00110562843014,
            8.998894371569861,
            1.9997235928924648,
            5.99944718578493,
            4.99889437156986,
            2.9999999999999996
        ],
        [
            5.0,
            3.00110562843014,
            6.0005528142150695,
            3.0002764071075347,
            7.00110562843014,
            10.998894371569861,
            3.999723592892465,
            7.99944718578493,
            6.99889437156986,
            5.0
        ]
    ],
    "hard_points": [
        {
            "offset": 0,
            "coordinates": [
                0,
                0
            ],
            "raw_value": 3,
            "timestamp": "2024-12-28T04:59:28.762735",
            "weights": [
                60.14026866604248,
                0.016627793748730704
            ]
        },
        {
            "offset": 1,
            "coordinates": [
                -0.7373688780783202,
                -0.6754902942615233
            ],
            "raw_value": 1,
            "timestamp": "2024-12-28T04:59:28.762753",
            "weights": [
                60.14026866604248,
                0.016627793748730704
            ]
        },
        {
            "offset": 2,
            "coordinates": [
                0.12363864559502333,
                1.4087985964343621
            ],
            "raw_value": 4,
            "timestamp": "2024-12-28T04:59:28.762759",
            "weights": [
                60.14026866604248,
                0.016627793748730704
            ]
        },
        {
            "offset": 3,